species,island,bill_length_mm,bill_depth_mm,flipper_length_mm,body_mass_g,sex
Adelie,Dream,44.216394462260546,18.187407283584964,205.12916008017916,3805.7767665115402,male
Gentoo,Biscoe,51.094394677542645,17.63237351582823,195.43375638592653,3881.456498369997,female
Chinstrap,Dream,48.87793495038552,15.335931774627149,192.68270414042104,4209.228716718053,male
Chinstrap,Dream,54.03662547780787,17.269102608353244,212.9723414929351,3438.205876786907,female
Chinstrap,Torgersen,48.11565263882906,19.31619087774589,222.2696816079813,4336.389720265713,female
Gentoo,Torgersen,37.33623133779391,16.375115245468123,227.5533817779853,4643.5238832806735,male
Adelie,Dream,44.97721549508791,13.676891155802215,220.75844540758956,4354.267915560169,male
Gentoo,Biscoe,39.30455885685719,16.99852627103568,198.35229465120545,3423.192547435362,female
Adelie,Torgersen,42.183974774208394,15.11323793549827,205.90407972591564,4111.183600581907,male
Adelie,Biscoe,52.72820270390371,16.38387888357528,210.9744769656255,4571.253849945189,female
Chinstrap,Biscoe,48.407414433042156,16.761546509007566,202.39381767208272,3257.9713531713137,male
Gentoo,Dream,41.90340810220773,13.535916399926599,201.38829603653485,3710.6924417872387,female
Gentoo,Torgersen,39.707689215942615,13.6731562071102,213.17668674158156,4688.496255758973,female
Gentoo,Dream,45.106082886849144,18.095809541707506,200.77359497185932,4291.6122467002815,female
Gentoo,Dream,39.108023088973425,16.018664208356462,188.96886497329956,4471.070945341078,male
Gentoo,Torgersen,41.658958883039446,11.931736016309054,192.1336821274038,5105.862339363751,female
Chinstrap,Torgersen,46.274725916079475,18.695904570955953,209.09639753753333,4459.869468966631,male
Adelie,Biscoe,50.88243684192562,17.829376687104848,200.97151060268956,4554.2715351184825,male
Gentoo,Torgersen,48.1915747404477,15.399278449149577,205.51917165902134,5529.387780136128,male
Chinstrap,Torgersen,33.566014714586544,14.291616636390613,210.23842038289075,4105.970756287586,female
Chinstrap,Biscoe,46.57790698288898,18.60925951541649,195.1360941022522,3798.2522608597073,female
Chinstrap,Dream,45.29410457308417,17.61259918485671,211.7081262702209,4428.364802913249,male
Adelie,Dream,47.446945616002374,21.65615426224399,206.59860675675898,4425.5154753242305,male
Gentoo,Torgersen,52.85104711598323,17.810052619242125,182.16939027398269,3967.863723015901,female
Gentoo,Dream,34.53383003632714,17.652287252760612,222.7791884738856,3685.7692266025338,male
Chinstrap,Torgersen,42.04728814131924,16.70005007867032,192.75871373137247,5350.541124636839,male
Chinstrap,Dream,48.17898183777829,18.63878355072328,175.85450212237248,4392.02622503792,female
Gentoo,Dream,36.70965789853247,18.298850002722588,184.09332467857962,3849.0041683803292,male
Chinstrap,Dream,52.04514708214358,19.55483160799962,184.2319063264366,4677.063620165744,female
Chinstrap,Torgersen,46.32142749857742,16.01837782869124,202.06642313711453,4128.083401721678,female
Chinstrap,Dream,49.24126900140326,16.091396458344217,196.05487065443927,4046.280575727617,male
Adelie,Torgersen,41.85971045310985,16.25645116286664,195.55294822246623,4466.320331397809,male
Adelie,Biscoe,48.97061950478949,18.60532762735339,209.38860619459447,3537.857006097115,female
Chinstrap,Biscoe,50.511247708276876,19.808267362075515,204.65695584074672,4396.831404033693,female
Gentoo,Torgersen,46.000565369555126,15.980879631488296,204.7489793447353,5181.948106232091,female
Adelie,Torgersen,46.231064778518274,15.974315453414993,207.22757545029802,4429.04032494584,male
Gentoo,Dream,46.275277090070055,17.629908694168073,209.6596692414982,4049.237296524311,female
Gentoo,Biscoe,40.85490518795896,16.496150438073144,167.09333704448156,3982.1609317600983,female
Adelie,Biscoe,44.3836855849505,18.85670311318317,194.3715202516081,4001.1821062269446,male
Chinstrap,Biscoe,44.06069473713046,12.699949048393501,168.63748284031374,4051.569375320358,female
Adelie,Biscoe,46.87390230960991,15.402146401649215,200.38008181213584,4052.2100589260967,female
Gentoo,Dream,50.2656521700009,15.508647730542616,198.5761930053012,4656.563322806243,male
Gentoo,Torgersen,39.80777254189857,12.265064307296033,217.10692743900805,3336.6880392593657,male
Chinstrap,Dream,44.01822578563349,14.971610688155506,218.32780863328765,4622.137197451157,female
Adelie,Dream,52.57469675672716,15.173412446510119,202.9889623492738,3986.935472119491,male
Gentoo,Biscoe,41.005092041653455,16.61529883343177,192.21520499825562,4350.146137592282,male
Chinstrap,Torgersen,41.24945009205344,19.03807498475126,208.09155720463724,3653.0222991369983,male
Gentoo,Torgersen,46.27304544860963,16.491631814567214,191.67355783248965,4843.870757640557,female
Gentoo,Dream,49.29595128014458,14.939796639598466,200.8428238253253,4902.663466596105,male
Gentoo,Dream,45.09728135031398,16.864318045921102,215.19988174142725,4651.451503607458,female
Gentoo,Torgersen,51.591424350835446,19.016032979718403,191.81747851344952,3409.8081262813603,female
Adelie,Torgersen,49.45723819303106,14.993481968900326,212.19463520608167,4627.873859031457,female
Chinstrap,Torgersen,49.11441820034841,15.160952265840073,210.0294103176136,4442.338737485088,female
Chinstrap,Torgersen,47.83073776903695,18.126286786434406,186.46464879252053,3399.0500022668853,male
Chinstrap,Dream,56.86092318068339,16.618132047234024,213.95750472677244,4202.785380409648,male
Adelie,Dream,43.83072830223554,18.404350904420188,209.25849000105873,4334.15534396462,male
Chinstrap,Torgersen,34.825037194724274,16.94291873314138,201.99106755673972,4460.356308077575,female
Adelie,Dream,52.71627792734538,18.357164763893152,189.0399629141953,4260.612042509639,female
Gentoo,Torgersen,42.439678451016064,14.974134070574582,187.4731450729792,4296.159829713571,male
Gentoo,Biscoe,45.07250210642423,17.03764756820553,192.24175289129857,4939.858582823471,female
Gentoo,Biscoe,51.73412293837962,16.53467933933753,207.89780784061344,4754.484856206847,female
Gentoo,Dream,37.450627789134714,14.64820514903041,186.25796362867487,2731.966569951016,male
Chinstrap,Dream,39.1057367770638,13.972177121249098,206.52841510019178,4027.261330321448,male
Gentoo,Torgersen,36.57837241127746,18.50221539650505,181.00726231892594,4095.9800393747378,male
Chinstrap,Torgersen,41.21441787035404,16.47805946047295,196.7043679153587,3334.295967713271,male
Adelie,Torgersen,47.56133295427275,14.867759025226617,203.16463290271017,4255.066395216288,male
Gentoo,Torgersen,47.50428794541409,16.80904861047273,235.3719105488607,4847.7047610760155,female
Chinstrap,Dream,46.40727657293174,19.25717900585875,179.71620365277178,3676.35137276455,female
Adelie,Dream,37.423433815656914,12.428599366194241,220.81719877789052,4397.972782739444,female
Chinstrap,Torgersen,33.517596723496474,13.941017888472427,202.16622355322858,3742.038195988894,male
Gentoo,Dream,45.000176681238,15.003889787634316,205.84140602088354,3871.9637027357944,female
Adelie,Biscoe,42.69209874883776,19.931736796919342,200.2068692873371,4952.046024230257,male
Chinstrap,Biscoe,46.89825915088847,17.487417172786003,206.96353469319462,3932.4179695973367,male
Adelie,Biscoe,48.64839273050733,18.54333693167332,197.40886042115616,4420.740482845166,female
Gentoo,Torgersen,45.9528273270486,14.639321781756856,220.231738642588,3255.715037026708,female
Chinstrap,Dream,48.60067215111438,14.649643969368288,193.78445238235622,5109.822585065362,male
Adelie,Torgersen,45.855731643303294,17.919338183661157,218.06292412417775,4512.329350493276,male
Adelie,Torgersen,47.0997602002427,17.13182176330673,191.45535838697182,4106.296521655869,female
Chinstrap,Torgersen,41.40860216697605,18.156100370317485,199.36622781136842,4470.466106164404,female
Gentoo,Torgersen,43.95342675752431,16.845865156288596,183.9552064515185,3477.80737943608,male
Gentoo,Torgersen,45.587811242726055,17.584348864868783,207.82438956447467,4759.6770414046405,female
Chinstrap,Torgersen,49.21832551641015,17.365327939770896,222.94237112866725,4063.5528826472264,female
Adelie,Dream,42.91638943426789,18.446486693199002,199.69232285793746,4100.016963772628,male
Gentoo,Dream,47.33113570380617,18.48378287030165,196.33849394105235,3931.655305593241,female
Chinstrap,Torgersen,43.52919010074616,13.920436703843514,183.4321962958971,3930.7753392362024,female
Gentoo,Torgersen,44.68585812823685,12.412007696733676,196.89121237041954,4532.709016766272,female
Adelie,Biscoe,49.301561547044805,18.897844741792554,174.74689991962748,4291.247334580929,male
Adelie,Dream,35.001494612252095,19.37149341639036,186.65988129037152,4552.525376089768,male
Gentoo,Dream,38.67573338573439,14.949626582610517,205.11152547212404,4181.585789347461,female
Gentoo,Dream,37.292621844437484,13.188996467772636,220.26655522726713,4445.92867887112,female
Chinstrap,Biscoe,33.340185448952134,17.167206669692433,243.24645796929698,3991.650321872316,male
Gentoo,Biscoe,41.646298117247596,18.98608799581046,191.33881140568263,5344.684594495359,female
Gentoo,Torgersen,48.6271917681046,20.51362333052155,221.47442783790672,3416.5577141334584,female
Chinstrap,Dream,43.68677856801355,17.891556939299573,203.94307792342875,4799.174753430148,male
Gentoo,Dream,45.789658458089065,16.351956100225614,197.11762396532987,4898.1475324123485,female
Adelie,Torgersen,50.576275603020704,15.26355869194277,205.7639691806782,3761.263598254138,male
Adelie,Dream,51.779353645793684,16.960106744758633,201.88125615529137,5363.906821068083,male
Gentoo,Torgersen,43.90938264246175,16.2413569368944,202.68820595551225,4697.715919575301,male
Chinstrap,Dream,52.07188662096081,14.894509079864198,193.12949660392593,4627.240759281108,male
Adelie,Dream,44.68238802583055,21.091975269653027,179.7564796852086,4223.337410719809,female
Gentoo,Torgersen,40.655694234923104,20.688301606425547,176.78021103851097,4142.135979314041,male
Adelie,Biscoe,42.28983172348996,19.167196350113844,210.0542758131492,4136.423099384046,female
Gentoo,Torgersen,37.51629491011328,15.149745880339877,196.19567315118155,4443.048550069472,male
Adelie,Biscoe,40.18492460593358,18.77836258549495,191.8066126965668,4873.979989321604,female
Gentoo,Dream,42.93061921237592,18.038271042564695,200.18980468034343,4314.461967405144,male
Gentoo,Torgersen,49.28015635965643,17.98970933265356,212.9847016467121,3725.435966546555,female
Gentoo,Biscoe,53.113172614913886,19.379667766858024,202.93819816698874,4618.066914282844,female
Chinstrap,Dream,38.377392262817416,18.304339884124204,190.6286847043883,4627.3545511675575,female
Chinstrap,Torgersen,46.95006643648234,18.504992550604957,217.76761775870492,4510.511107227835,male
Gentoo,Torgersen,39.492789522720976,18.38357158073845,225.31151666801966,4555.101133754099,male
Adelie,Biscoe,47.22458083028692,17.73733578995637,207.77175013808943,4087.9859432416292,male
Gentoo,Biscoe,44.08480773319863,13.19219841705874,215.14126629987928,3756.402149758211,male
Chinstrap,Biscoe,36.066670653773116,17.087823311796022,217.41972942744434,3773.127575827357,male
Chinstrap,Torgersen,49.82851815940481,15.901602297550365,216.3326567847,3347.0258100776177,female
Chinstrap,Dream,41.53599042528265,14.420586323176932,210.14261849985473,4310.341308860456,male
Chinstrap,Biscoe,42.2274372844628,20.41196694736257,209.1910039846526,4138.803865111969,male
Adelie,Torgersen,39.430814338905414,20.53787375564368,206.35537162631582,4002.70247391712,male
Adelie,Dream,42.058895092217625,19.78001588304998,184.32093214871068,2752.9382170632584,female
Adelie,Dream,46.794690088869054,17.488742432539553,210.1018162411202,3603.910243188618,female
Adelie,Biscoe,44.46343519459102,19.51440285802126,180.72437706507554,4740.711018928218,female
Chinstrap,Torgersen,46.63480784690686,16.978012132877957,188.01493854939744,3796.1921504786296,male
Gentoo,Biscoe,46.51289700785678,17.447730577037166,219.70745551536993,4334.182625619503,male
Chinstrap,Biscoe,51.43035913878738,14.70270513203994,213.4901070582712,3541.7581347891737,female
Chinstrap,Torgersen,43.08136738124426,17.85786695466421,221.63588395122034,4908.881007415822,female
Gentoo,Biscoe,37.290223601770414,17.212700313089442,195.17806910015406,4108.394166081758,male
Chinstrap,Dream,50.360327126217186,14.407534572290864,182.56846210507692,4387.889455593164,male
Adelie,Torgersen,43.02899789343201,16.587554442634563,197.01563790440548,5395.907353969466,male
Gentoo,Dream,50.01618260971138,16.711199660196165,200.52938925174433,4958.858099778262,female
Chinstrap,Torgersen,46.81993115627076,20.786002713016266,199.93014221613578,4039.060114629106,male
Chinstrap,Dream,43.88393391730985,18.73311760120112,217.62480655794528,3899.9424017651454,female
Chinstrap,Biscoe,46.55180722315205,16.822097649070365,194.1273859037581,4043.1558657383753,female
Chinstrap,Torgersen,54.52291374575037,17.622580369671226,204.98548633894933,4496.7062903129445,female
Adelie,Dream,55.16242839042534,17.089776328172306,183.7739078744078,4158.413258563981,female
Chinstrap,Torgersen,45.85787280458788,16.70599085788506,206.24403381928968,4021.3254394009427,male
Gentoo,Biscoe,45.81535825796323,14.86317353490097,200.04093616445556,4964.105602443404,female
Adelie,Torgersen,50.443858874274106,16.744301952108977,189.45262619170987,4112.369484274134,male
Chinstrap,Dream,40.318072709605225,15.544539644748813,195.88244351772798,5369.494522747791,male
Adelie,Dream,46.49835544793947,14.569954013384184,198.48403506818755,4237.683786292412,male
Chinstrap,Dream,44.92566556799608,18.252917220171682,195.43275293117105,5026.995509435005,male
Chinstrap,Biscoe,46.307916744118394,17.880794150455937,226.05629988724854,4323.11989697778,male
Gentoo,Biscoe,41.06503943860189,13.266656283092592,199.67970377484545,4654.91000543111,male
Adelie,Biscoe,36.745041217236896,16.799832405477012,196.50061777423775,3851.5580499229586,male
Adelie,Dream,34.56195619309685,19.106919437494923,168.12300498341324,3776.0902680371237,male
Chinstrap,Dream,39.2634249393536,19.240159547660184,186.4701992390867,4434.664479829991,male
Gentoo,Torgersen,42.74858459671375,19.008501705489305,197.07167482119044,4745.191286042855,male
Gentoo,Biscoe,43.37048614068229,17.195717579198327,190.81508137994462,4187.008238591821,female
Adelie,Torgersen,54.616980254258365,15.403795909315166,220.11122554647162,3556.0873916606456,male
Adelie,Torgersen,50.469668528716646,15.092938432465605,197.49401483766053,3527.815810002466,male
Gentoo,Dream,40.0020107233362,17.61331041438352,219.39447932195046,3467.2169424694785,male
Adelie,Torgersen,46.86241612132176,17.707211658493915,200.1837238958312,3316.928199558924,male
Gentoo,Dream,43.02548381557477,19.54368329411034,200.51653148664636,4212.988069822687,female
Adelie,Biscoe,43.555552299982104,19.150349329316494,198.67205711729682,4799.316928572664,female
Gentoo,Torgersen,45.81670615076456,16.645473513382534,200.91460449307047,4175.50369965661,female
Adelie,Biscoe,48.299261542744404,14.232008356457508,226.6901450147505,3122.8070009904186,female
Chinstrap,Biscoe,43.24348480767225,16.317795671666463,164.95820918999016,4103.772272541355,male
Chinstrap,Dream,50.24093926165595,17.471841040840058,169.8158791889251,4145.430086012374,female
Adelie,Biscoe,39.31704257764892,16.545919971794284,192.3521153773661,5246.608305749516,male
Chinstrap,Dream,45.46493669726186,16.040070345300585,199.7777419676119,3470.628707681486,female
Chinstrap,Dream,57.646094473698675,17.507123248265287,210.79433898907968,3989.419517942243,male
Gentoo,Dream,46.311989827682275,16.122735313878707,207.03018508463325,5056.035171967501,female
Gentoo,Biscoe,51.68263121817064,15.770323306234873,193.50713382116618,4433.288128116098,male
Chinstrap,Torgersen,45.513083893907975,17.706537228255087,214.5659268943005,4461.189383578064,female
Chinstrap,Biscoe,48.306099565255174,16.224273794369022,216.54140244157088,4254.0288771715095,male
Chinstrap,Torgersen,44.84087071338029,17.62672835809374,202.64320789799635,4349.04974004278,female
Chinstrap,Biscoe,44.191533015818976,17.552069049716764,215.6737309574344,4648.820150679422,female
Gentoo,Dream,40.959471306347766,14.771348897120049,203.70332394156668,3792.9150955908567,female
Adelie,Biscoe,47.15943502638891,16.074590263880445,191.79679791154217,4679.355920007859,male
Adelie,Torgersen,40.677947143460564,19.84637969151385,212.26701383581027,3508.3932460742876,male
Chinstrap,Biscoe,48.127218727023404,14.716824763706757,200.86383502826197,4370.950734645706,female
Adelie,Dream,50.3524122124803,12.992808664656673,198.59256970922118,4254.886238815479,male
Adelie,Dream,46.88331576747277,13.248945804400215,223.062071205477,3880.1859978956645,male
Adelie,Torgersen,43.37283932482793,17.100669303736986,162.61499578068904,4194.151781980435,male
Gentoo,Biscoe,47.063935290782055,17.189120476814917,178.71916220862616,3930.1205913916447,male
Gentoo,Biscoe,43.10928214820406,16.880170734421903,181.75321841941897,3669.942522696416,male
Gentoo,Torgersen,49.77751140261152,19.429565347135924,194.7528011893366,4059.304212643133,male
Chinstrap,Torgersen,35.982223651766276,11.41313467765195,195.46588816275948,3664.7270830977495,female
Gentoo,Torgersen,43.38112010836936,17.844157536331917,177.2547651148988,4403.8697694938,female
Adelie,Dream,35.29240653603122,19.89826791863178,185.56097869012115,3623.416401161369,male
Gentoo,Dream,37.547133780982165,14.893194588098032,186.32892916799437,4618.3672473300285,male
Chinstrap,Dream,51.91941529542457,16.257537555798972,236.3347611527221,3596.5928592131304,male
Gentoo,Dream,49.55351301576318,15.59538213590728,226.76482932680193,3896.8498369931253,female
Adelie,Dream,41.37922311971776,15.12001519956548,192.74900984435942,3856.1189929596076,male
Chinstrap,Torgersen,37.35193174173198,16.190363849483685,194.22840207202864,4923.40718195695,female
Gentoo,Dream,30.742763140987712,19.881358639654636,182.85129829404082,4386.530471086244,female
Chinstrap,Torgersen,42.16711198904597,20.671372717825463,171.0775047877395,4085.4133970567077,female
Chinstrap,Biscoe,56.93203613248551,16.27837812990131,198.04266896052837,4481.956037402056,male
Adelie,Biscoe,47.285250364228396,20.818688061624837,185.01725029916034,3164.3508439748703,female
Chinstrap,Biscoe,42.266452263187404,17.351214585934944,198.23399458265354,4229.744133490679,female
Adelie,Torgersen,46.96667264154107,20.591835170233573,176.51672658609363,5158.362587185375,female
Adelie,Torgersen,37.4818960225157,16.919610867303142,189.6505197610924,4259.248029027128,female
Gentoo,Dream,43.48932960367015,17.347521187159956,201.88010147435605,4221.885952380311,female
Chinstrap,Torgersen,45.213699339195735,17.880668974440322,205.85810801207884,4422.556089866993,male
Chinstrap,Torgersen,44.873065360095744,23.338472303261412,206.08184037632364,4675.474465921028,female
Chinstrap,Dream,49.11380349491807,18.494631443919225,180.4675832635247,3194.2099909060835,female
Gentoo,Torgersen,46.40031193525333,15.566386219714634,213.9980586534022,3378.1392531127667,male
Adelie,Dream,48.79545255869935,19.020142549560365,188.37943609501065,4366.729693533764,male
Chinstrap,Dream,41.72636947705661,16.17819213520015,208.15891384845457,3833.3429567829753,female
Adelie,Biscoe,49.48647335589633,16.002651583567236,200.18191343306304,4845.0216090039385,male
Chinstrap,Torgersen,53.550763959082985,18.74719634177651,180.28154237601933,4045.5096381948388,male
Gentoo,Torgersen,40.18993077866188,17.21417497253812,195.0903507350462,3258.4992780739744,female
Chinstrap,Torgersen,40.55435041064897,17.63299609895854,206.22936839593999,3551.203272431279,female
Gentoo,Biscoe,51.5103070508547,17.09390567642553,208.6753787333344,2808.695496659309,female
Chinstrap,Torgersen,44.19186174111912,17.736071659144894,196.76776530314055,4110.527183508849,male
Gentoo,Biscoe,52.14081257782101,17.846162209282515,223.08287009434267,4115.689460065575,male
Chinstrap,Torgersen,42.79107016980135,13.14605862476718,213.7914472488244,3934.40643597142,female
Adelie,Biscoe,52.07349649570028,18.213205891192477,195.96983351827114,4707.459908990624,female
Gentoo,Torgersen,45.69060804894271,14.8146955077076,212.21978445682248,4838.438357555086,male
Gentoo,Dream,46.273320257125555,14.130589783069786,227.57038674568645,4125.295094645936,male
Adelie,Torgersen,52.4830733124146,16.91596498901292,228.44483696579948,3112.7617902720353,male
Gentoo,Torgersen,42.81530473448052,17.290338322368168,180.80371152389242,4504.193531442613,female
Adelie,Torgersen,40.4387074236602,15.772005220018974,186.0543744035784,4478.0255577614325,male
Gentoo,Dream,42.0927592106553,18.82094592798572,221.99869119087862,4373.896555249815,female
Gentoo,Torgersen,47.31412350767461,14.214650718345625,185.17820867077006,4655.292653303514,male
Chinstrap,Biscoe,37.04912106483584,16.15046364755041,180.8797397532529,3595.639317283243,female
Gentoo,Biscoe,48.52142914567174,15.878861060952081,193.07963024228394,5211.501144330504,male
Adelie,Biscoe,42.18013107622841,17.1630515775384,206.41294314494752,3717.6806946980437,female
Adelie,Dream,50.90746958525252,17.707513068244097,198.7598351659867,4589.535534369758,female
Adelie,Dream,32.92734232069084,15.09749592849448,189.59316623376986,3324.2391356276535,male
Chinstrap,Biscoe,41.09621792067497,18.409321617415067,190.53160305486088,3744.1878068500228,male
Gentoo,Dream,36.755818259051374,17.036625853218133,188.47846907715197,4986.67188058107,female
Adelie,Torgersen,40.75073416507045,13.295944150090442,187.43572259060787,4082.2548148903975,female
Chinstrap,Dream,46.49281035416339,12.971431344818033,235.1167045024935,4623.591765295832,female
Gentoo,Biscoe,43.85011559124111,16.951231903583338,204.62127752429757,4315.975376107575,female
Adelie,Dream,43.80833955892568,16.546449955447557,213.1688391028626,4125.733429442092,female
Gentoo,Dream,44.439681472017526,16.95436081838968,192.96494938802763,4880.046182253228,female
Adelie,Dream,46.185488769966035,16.90814008904396,195.05822789926822,4114.545707752118,male
Gentoo,Dream,40.44670429499041,17.204270154333194,189.52404762535593,3306.524604814639,female
Chinstrap,Biscoe,48.33929588590232,18.946348493021215,160.13911058132993,3775.1583321440194,male
Chinstrap,Torgersen,47.96114947800687,14.707049914162782,179.29177859605056,4462.749466825395,male
Adelie,Biscoe,46.6712756829836,14.660371029501746,173.37217055037576,4402.996235297411,male
Chinstrap,Torgersen,47.951318220754025,14.804577858741034,166.19700246604808,3406.7231091796116,male
Gentoo,Dream,46.60923990098385,17.550134774827885,181.21195663925195,3850.4939221464883,male
Adelie,Torgersen,55.20147883514286,19.56987640159425,219.76797270336277,3922.7842182739796,female
Gentoo,Torgersen,44.27777016410895,15.982196793215682,199.3842724321285,4040.4654037964115,male
Chinstrap,Torgersen,43.66041159691701,11.944279010216372,219.44490923409364,3549.194488661015,male
Gentoo,Biscoe,40.91962075704681,13.661238199649784,206.28653371265833,3911.803826770454,male
Chinstrap,Biscoe,40.13463670246375,15.27178181427384,212.52019135905846,3811.3134930097845,female
Chinstrap,Dream,39.50731823894434,15.721732660454622,185.66963450044588,4562.186677975564,female
Adelie,Biscoe,40.64959061680584,16.250879850405223,207.99142544845552,4602.58321260128,female
Chinstrap,Torgersen,44.79550093242295,17.190818253661575,211.90099314208592,4115.320241202003,male
Adelie,Torgersen,46.54561867847231,16.371953870172003,190.0455232288388,3974.2726685782013,female
Chinstrap,Torgersen,44.793453141351755,18.90024368734195,208.52823502817333,4258.435123150945,female
Adelie,Biscoe,41.018412837470464,15.719408792239896,208.05249716007825,3779.3288651086796,male
Chinstrap,Dream,49.22184044066207,15.107385155036972,191.47786390912853,3609.0504410173794,female
Chinstrap,Biscoe,48.327555411376586,17.989001242464056,182.47788116174797,3721.648092813177,male
Adelie,Dream,44.641581323109484,13.838905444743599,182.11053969457214,3913.3479891085717,female
Gentoo,Torgersen,41.805097611732094,17.662008882064644,202.68256776790935,3623.4627064367323,female
Chinstrap,Torgersen,47.839096850787,17.160385533657738,203.95404889399882,4345.537712077415,male
Gentoo,Dream,45.86095580227313,16.68656549822672,187.23233687566625,4569.30766704615,female
Adelie,Torgersen,37.71521924039074,20.111359009842214,199.41947047562215,3398.880870365711,male
Adelie,Torgersen,44.90640695655362,15.815161268451927,209.85741222754393,4212.672213337848,male
Chinstrap,Biscoe,46.301921434489536,21.075454584210796,208.92509076062683,4096.725890897791,female
Adelie,Dream,40.63704438753143,16.648331397588255,223.25891620973164,4382.113364458849,female
Adelie,Dream,45.89916518999556,14.474421541781625,218.85174086841172,4247.727501712442,female
Chinstrap,Torgersen,37.638515207828114,17.06924709868974,184.27023763780142,3451.139645045013,female
Adelie,Dream,51.32166006110634,14.75987738437657,225.07691382719446,3591.2242686471004,male
Gentoo,Dream,50.73471074724997,15.329763393600148,193.88443281268442,4220.133550204115,female
Adelie,Dream,43.67062072570425,17.823488495040145,216.72020201065783,4673.388803157984,female
Adelie,Dream,46.83169871809887,18.075280286568095,200.3782231932612,3113.019593262948,female
Chinstrap,Torgersen,32.621963239110805,15.51560088099887,194.3048618082018,4405.9450420256435,female
Gentoo,Dream,39.20945817661299,18.92059650253297,172.25907921169886,4772.440877794568,female
Adelie,Torgersen,43.54483168572696,19.22383181006509,196.09035616681697,4123.253910658421,female
Adelie,Dream,39.08877540482826,20.03206044551139,177.37612324491792,4430.0738883236445,male
Gentoo,Biscoe,48.33829563527609,17.886507390955636,215.38210544098044,3815.613811348827,male
Gentoo,Dream,55.090481804114624,19.580994223375754,223.53872590963488,4167.667807822023,male
Chinstrap,Biscoe,39.215765950432925,13.350730916693541,187.69290451924638,3377.3709558586584,female
Chinstrap,Biscoe,40.51807986606537,16.501489922178603,204.40411314026204,2998.8914071706013,female
Chinstrap,Biscoe,46.21770323005957,15.190597989321775,189.68309762927612,4677.371232743889,male
Chinstrap,Dream,53.316663260270886,17.17448529485247,190.86721070152316,3693.868899861263,female
Chinstrap,Dream,39.086562250749864,15.919463942368672,211.32132812690045,3959.9488292495503,female
Adelie,Torgersen,46.22084837623308,16.432184238662085,198.20406713800367,3526.0734029690384,male
Adelie,Dream,53.98699154407868,20.57599889664009,226.1803770654882,3464.6968613862546,male
Adelie,Biscoe,36.58049447689479,16.632150479176484,193.57813927917204,4089.453419706489,female
Gentoo,Torgersen,38.71411670405783,17.98443194656861,214.08922417154602,3839.232498993563,male
Chinstrap,Biscoe,42.93178883443551,16.491365908730742,201.94167328350116,4414.2846299038465,female
Chinstrap,Dream,42.557782917445856,17.161641274183687,212.18605439861562,4458.582045454082,female
Chinstrap,Dream,49.0966818141998,17.12677165522385,193.85689347195995,4343.068403116924,female
Gentoo,Dream,46.41737864892771,18.10986267413836,199.91251369757612,4343.763551109196,male
Adelie,Biscoe,36.14934490732245,19.272238605987443,197.74514301031655,4968.419982213436,female
Adelie,Dream,47.77743059223106,20.293084136288257,186.24287329626904,3713.8625364685545,male
Adelie,Biscoe,42.33467938431933,17.803630255849033,209.52991190150047,4142.944025639897,male
Chinstrap,Dream,51.16679168542558,18.02504878970522,210.42253286890377,4801.014829690655,male
Gentoo,Biscoe,41.40033357750213,14.80226111647713,208.49562739344302,4815.137286334429,male
Chinstrap,Torgersen,42.211070839141186,16.721194043142145,222.5324283735406,3541.658789310556,male
Chinstrap,Torgersen,47.77119858030277,18.890949026666235,220.37016004074135,4059.2542468185006,female
Gentoo,Torgersen,48.37682027266716,18.707384481751856,195.69416368571694,4852.545099641299,male
Adelie,Torgersen,47.05821544788863,17.326269688684004,206.2168830643867,4440.410456025051,female
Chinstrap,Biscoe,36.76911969192189,18.67329902725541,191.22510214252586,4318.01835911744,male
Chinstrap,Biscoe,47.61875375753357,18.009506263961974,201.0782486602231,4118.628996334298,male
Chinstrap,Torgersen,39.697699432727596,19.50136006038551,191.4375558390194,4006.254039989773,female
Gentoo,Biscoe,46.534110583825836,17.565589145179143,224.11727151173324,4345.274999138884,female
Adelie,Biscoe,37.61389195378678,16.295698747548954,205.33228959279924,4093.6040236194362,female
Gentoo,Torgersen,47.02779382108705,17.729484734904847,196.40795098256746,4182.150293337817,female
Adelie,Biscoe,41.020985254583415,11.040484439712557,219.88611936315027,4205.542164841651,male
Chinstrap,Biscoe,38.68653355260958,17.84062758476003,167.8589235177449,3839.747680619142,male
Chinstrap,Biscoe,48.695847135166154,9.78609101823222,169.4395923583916,4472.200719686924,female
Gentoo,Biscoe,46.440916897963454,13.81655745680543,212.28772452125153,5688.843325030063,female
Chinstrap,Dream,41.98082514783936,17.86547584924124,200.14665542274474,3353.6797131262433,male
Adelie,Torgersen,52.38086361911434,17.908701272969807,204.88837805633247,4382.349998097843,male
Adelie,Biscoe,42.730546061368656,14.752960985594644,179.60680508904017,3827.402514144208,female
Chinstrap,Biscoe,45.176549045897524,15.658688405624044,200.02840866766928,4508.243427395807,female
Gentoo,Torgersen,46.372027230633506,19.68693171421765,230.85446499364332,4205.878234624042,male
Adelie,Dream,41.95659791738142,15.991140093555313,212.65241555879453,4576.928448533609,male
Gentoo,Torgersen,47.552957692206576,21.540602502432346,202.6166581030426,4766.245571701268,female
Chinstrap,Torgersen,42.47450059603171,16.912409629822882,193.42231663069444,4263.6215515537315,male
Adelie,Dream,42.95309966910477,17.774526741453357,194.03895246902343,4774.730925394211,male
Adelie,Dream,51.60659430577746,20.24281549180802,167.62824151233704,3032.6924787576163,male
Chinstrap,Dream,39.81435031018578,17.36284219073201,203.5265067903848,5013.172130512772,female
Adelie,Dream,32.92894370712078,14.934127287918681,213.79518821099916,4401.783206295165,male
Adelie,Dream,53.10401593829398,16.594097706581497,176.28406929913135,4745.254076454203,male
Chinstrap,Biscoe,58.3100993791527,16.7348208586744,189.48767400493566,3604.5884074085834,male
Gentoo,Dream,42.83990274418946,14.143065404025442,182.24967366085727,3783.5011389035003,female
Adelie,Torgersen,35.42364577223872,16.35544465096283,186.34742622208555,4283.744562750659,male
Adelie,Biscoe,43.720423228635916,15.499969364149473,201.3104128372567,4172.530532574114,male
Adelie,Biscoe,43.59391107792791,18.728402080200368,169.15544489897795,4351.182678722084,male
Chinstrap,Dream,44.647374316389964,16.998105677853985,209.02035022522463,4759.7015826626675,female
Gentoo,Dream,39.33652345178312,16.35607181580227,211.73910685955468,3299.9128596771166,female
Gentoo,Biscoe,47.98056532914517,16.743057201711355,195.7493772394509,4688.2622218641945,female
Gentoo,Biscoe,47.418553365834164,17.580080098718746,162.5940917804467,4187.866514927603,male
Gentoo,Torgersen,37.43820633525201,18.30061680648428,185.78320341910344,4084.3685832517676,female
Adelie,Dream,48.55955157003968,15.002207822699903,219.15115696178938,3435.084586665095,male
Adelie,Biscoe,55.47953761893955,14.870169354992282,157.5914973807293,4484.557841623131,female
Chinstrap,Biscoe,45.94128590897922,19.165515736857206,194.14362545927156,3020.7577481416524,male
Gentoo,Dream,43.63490250721557,16.208493857235805,182.38175361983676,4538.2226628403205,female
Gentoo,Biscoe,44.2657335297105,14.225433117034628,213.36694395173518,3505.4163824889333,female
Adelie,Torgersen,47.99146108130184,17.79577547178424,188.43241075138766,4221.7901247674545,male
Adelie,Torgersen,37.03713321931488,17.93043142656488,206.26867116394172,4219.536872403342,female
Adelie,Torgersen,45.92262627576304,13.732971699618682,207.44685234824905,4778.831134377822,male
Adelie,Dream,42.86395301675127,17.48038864553658,227.06624652154093,4117.332313169104,male
Chinstrap,Torgersen,54.06183745711272,18.54829489490886,196.6817493393538,3842.5497271857753,male
Chinstrap,Torgersen,43.88841302676255,17.72043024986363,205.3243609575643,3956.4154025297103,female
Chinstrap,Biscoe,53.57860096390911,18.44779360891667,177.3226487784457,4858.248809523823,male
Adelie,Dream,39.388248908639525,14.102281390118433,217.86162456955702,4465.175556353337,female
